{
  "id": "2768765",
  "name": "sipcall",
  "font_family": "iconfont",
  "css_prefix_text": "icon-",
  "description": "",
  "glyphs": [
    {
      "icon_id": "1374549",
      "name": "对讲机",
      "font_class": "duijiangji",
      "unicode": "e601",
      "unicode_decimal": 58881
    },
    {
      "icon_id": "4774868",
      "name": "部门",
      "font_class": "bumen",
      "unicode": "e758",
      "unicode_decimal": 59224
    },
    {
      "icon_id": "847437",
      "name": "成员",
      "font_class": "chengyuan",
      "unicode": "e6eb",
      "unicode_decimal": 59115
    },
    {
      "icon_id": "3216587",
      "name": "电脑",
      "font_class": "diannao",
      "unicode": "e684",
      "unicode_decimal": 59012
    },
    {
      "icon_id": "2076402",
      "name": "出发到达小",
      "font_class": "chufadaodaxiao",
      "unicode": "e8ca",
      "unicode_decimal": 59594
    },
    {
      "icon_id": "6039686",
      "name": "语音",
      "font_class": "pronunciatio",
      "unicode": "e80a",
      "unicode_decimal": 59402
    },
    {
      "icon_id": "18311748",
      "name": "电 话",
      "font_class": "dianhua1",
      "unicode": "e660",
      "unicode_decimal": 58976
    },
    {
      "icon_id": "6867659",
      "name": "wifi-outline",
      "font_class": "wifi-outline",
      "unicode": "e6b6",
      "unicode_decimal": 59062
    },
    {
      "icon_id": "11372736",
      "name": "语音",
      "font_class": "yuyin",
      "unicode": "e8c0",
      "unicode_decimal": 59584
    },
    {
      "icon_id": "376068",
      "name": "编辑",
      "font_class": "bianji",
      "unicode": "e6af",
      "unicode_decimal": 59055
    },
    {
      "icon_id": "7140585",
      "name": "电话",
      "font_class": "dianhua",
      "unicode": "e644",
      "unicode_decimal": 58948
    },
    {
      "icon_id": "10515201",
      "name": "挂断",
      "font_class": "guaduan",
      "unicode": "e641",
      "unicode_decimal": 58945
    },
    {
      "icon_id": "19735863",
      "name": "更多",
      "font_class": "gengduo",
      "unicode": "e689",
      "unicode_decimal": 59017
    },
    {
      "icon_id": "2077822",
      "name": "搜索",
      "font_class": "sousuo",
      "unicode": "e649",
      "unicode_decimal": 58953
    },
    {
      "icon_id": "2325919",
      "name": "历史记录",
      "font_class": "lishijilu",
      "unicode": "e638",
      "unicode_decimal": 58936
    },
    {
      "icon_id": "4251750",
      "name": "群组",
      "font_class": "qunzu",
      "unicode": "e64a",
      "unicode_decimal": 58954
    },
    {
      "icon_id": "10458446",
      "name": "通讯录",
      "font_class": "tongxunlu",
      "unicode": "e640",
      "unicode_decimal": 58944
    },
    {
      "icon_id": "15872062",
      "name": "开关 关",
      "font_class": "kaiguanguan",
      "unicode": "e60a",
      "unicode_decimal": 58890
    },
    {
      "icon_id": "17124319",
      "name": "提醒",
      "font_class": "tixing",
      "unicode": "e637",
      "unicode_decimal": 58935
    }
  ]
}
